practice,generator,tier,predicted_benefit,predicted_verdict,in_null_region,predicted_shape
P1,qwen1.5b,T0,0.00,STILL-DEAD,yes,hump
P1,qwen1.5b,T1,0.14,MARGINAL,no,hump
P1,qwen1.5b,T2,0.30,REVIVED,no,hump
P1,qwen1.5b,T3,0.36,REVIVED,no,hump
P1,qwen3b,T0,0.00,STILL-DEAD,yes,hump
P1,qwen3b,T1,0.23,MARGINAL,no,hump
P1,qwen3b,T2,0.50,REVIVED,no,hump
P1,qwen3b,T3,0.59,REVIVED,no,hump
P1,qwen7b,T0,0.00,STILL-DEAD,yes,hump
P1,qwen7b,T1,0.25,MARGINAL,no,hump
P1,qwen7b,T2,0.55,REVIVED,no,hump
P1,qwen7b,T3,0.65,REVIVED,no,hump
P1,sonnet,T0,0.00,STILL-DEAD,yes,hump
P1,sonnet,T1,0.03,STILL-DEAD,yes,hump
P1,sonnet,T2,0.07,STILL-DEAD,yes,hump
P1,sonnet,T3,0.08,STILL-DEAD,no,hump
P1,xvendor,T0,0.00,STILL-DEAD,yes,hump
P1,xvendor,T1,0.03,STILL-DEAD,yes,hump
P1,xvendor,T2,0.07,STILL-DEAD,yes,hump
P1,xvendor,T3,0.08,STILL-DEAD,no,hump
P2,qwen1.5b,T0,0.00,STILL-DEAD,yes,receding+floor
P2,qwen1.5b,T1,0.50,REVIVED,no,receding+floor
P2,qwen1.5b,T2,0.60,REVIVED,no,receding+floor
P2,qwen1.5b,T3,0.65,REVIVED,no,receding+floor
P2,qwen3b,T0,0.00,STILL-DEAD,yes,receding+floor
P2,qwen3b,T1,0.36,REVIVED,no,receding+floor
P2,qwen3b,T2,0.43,REVIVED,no,receding+floor
P2,qwen3b,T3,0.47,REVIVED,no,receding+floor
P2,qwen7b,T0,0.00,STILL-DEAD,yes,receding+floor
P2,qwen7b,T1,0.24,MARGINAL,no,receding+floor
P2,qwen7b,T2,0.29,MARGINAL,no,receding+floor
P2,qwen7b,T3,0.31,REVIVED,no,receding+floor
P2,sonnet,T0,0.00,STILL-DEAD,yes,receding+floor
P2,sonnet,T1,0.17,MARGINAL,no,receding+floor
P2,sonnet,T2,0.20,MARGINAL,no,receding+floor
P2,sonnet,T3,0.22,MARGINAL,no,receding+floor
P2,xvendor,T0,0.00,STILL-DEAD,yes,receding+floor
P2,xvendor,T1,0.17,MARGINAL,no,receding+floor
P2,xvendor,T2,0.20,MARGINAL,no,receding+floor
P2,xvendor,T3,0.22,MARGINAL,no,receding+floor
P3,qwen1.5b,T0,0.00,STILL-DEAD,yes,receding
P3,qwen1.5b,T1,0.50,REVIVED,no,receding
P3,qwen1.5b,T2,0.60,REVIVED,no,receding
P3,qwen1.5b,T3,0.65,REVIVED,no,receding
P3,qwen3b,T0,0.00,STILL-DEAD,yes,receding
P3,qwen3b,T1,0.31,REVIVED,no,receding
P3,qwen3b,T2,0.37,REVIVED,no,receding
P3,qwen3b,T3,0.40,REVIVED,no,receding
P3,qwen7b,T0,0.00,STILL-DEAD,yes,receding
P3,qwen7b,T1,0.17,MARGINAL,no,receding
P3,qwen7b,T2,0.20,MARGINAL,no,receding
P3,qwen7b,T3,0.22,MARGINAL,no,receding
P3,sonnet,T0,0.00,STILL-DEAD,yes,receding
P3,sonnet,T1,0.06,STILL-DEAD,yes,receding
P3,sonnet,T2,0.07,STILL-DEAD,no,receding
P3,sonnet,T3,0.08,STILL-DEAD,no,receding
P3,xvendor,T0,0.00,STILL-DEAD,yes,receding
P3,xvendor,T1,0.06,STILL-DEAD,yes,receding
P3,xvendor,T2,0.07,STILL-DEAD,no,receding
P3,xvendor,T3,0.08,STILL-DEAD,no,receding
