id,project,condition,classification,lizard_avg_ccn,lizard_max_ccn,lizard_avg_nloc,lizard_total_nloc,lizard_fn_count,lizard_high_ccn_count,test_nloc,test_code_ratio,executable_passed,executable_total,executable_score,mutation_score
P001-taskflow,taskflow,B,analyzable,1.39,3,7.52,248,33,0,0,0,8,10,3,
P002-vaquita,vaquita,B,analyzable,1.33,11,5.84,940,161,1,392,0.417,3,10,1,
P003-vaquita,vaquita,A,analyzable,1.46,8,11.83,1112,94,0,489,0.44,10,10,3,
P003-taskflow,taskflow,B,analyzable,1.57,8,8.58,995,116,0,264,0.265,9,10,3,
P004-vaquita,vaquita,B,analyzable,1.3,7,8.91,1399,157,0,465,0.332,0,10,0,
P004-taskflow,taskflow,A,analyzable,1.56,10,10,950,95,0,561,0.591,8,10,3,
P006-vaquita,vaquita,B,analyzable,1.63,6,8.59,1142,133,0,712,0.623,0,10,0,
P006-taskflow,taskflow,B,analyzable,1.23,3,6.33,462,73,0,522,1.13,8,10,3,
P007-vaquita,vaquita,A,analyzable,1.58,7,7.54,814,108,0,255,0.313,4,10,2,
P007-taskflow,taskflow,B,analyzable,1.44,9,6.42,726,113,0,0,0,10,10,3,
P008-vaquita,vaquita,B,analyzable,1.53,11,10.22,1963,192,1,630,0.321,4,10,2,
P009-vaquita,vaquita,A,analyzable,1.62,11,7.74,766,99,1,172,0.225,10,10,3,
P010-vaquita,vaquita,B,analyzable,1.62,9,8.84,1078,122,0,526,0.488,7,10,2,
P010-taskflow,taskflow,A,analyzable,1.19,7,7.41,1452,196,0,1149,0.791,7,10,2,
P011-vaquita,vaquita,A,analyzable,1.38,7,6.84,1142,167,0,679,0.595,0,10,0,
P011-taskflow,taskflow,B,analyzable,1.29,4,6.49,454,70,0,248,0.546,0,10,0,
P012-vaquita,vaquita,B,analyzable,1.91,11,9.17,605,66,1,0,0,5,10,2,
P012-taskflow,taskflow,A,analyzable,1.58,7,7.68,307,40,0,182,0.593,8,10,3,
P013-vaquita,vaquita,A,analyzable,1.63,12,13.68,1983,145,2,797,0.402,4,10,2,
P013-taskflow,taskflow,B,analyzable,1.46,8,6.24,724,116,0,0,0,9,10,3,
P015-vaquita,vaquita,A,analyzable,1.5,7,7.14,949,133,0,402,0.424,3,10,1,
P016-vaquita,vaquita,B,analyzable,1.54,7,7.56,938,124,0,285,0.304,4,10,2,
P016-taskflow,taskflow,A,analyzable,1.28,7,6.09,499,82,0,258,0.517,8,10,3,
P017-vaquita,vaquita,A,analyzable,1.54,7,8.84,1096,124,0,399,0.364,10,10,3,
P017-taskflow,taskflow,B,analyzable,1.63,3,6.53,248,38,0,10,0.04,6,10,2,
P018-vaquita,vaquita,B,analyzable,1.49,10,6.31,820,130,0,378,0.461,5,10,2,
P019-vaquita,vaquita,A,analyzable,1.5,16,7.93,650,82,1,249,0.383,9,10,3,
P019-taskflow,taskflow,B,analyzable,1.36,4,7.15,615,86,0,385,0.626,8,10,3,
P020-vaquita,vaquita,B,analyzable,1.19,5,7.37,892,121,0,356,0.399,10,10,3,
P020-taskflow,taskflow,B,analyzable,1.81,8,11.06,354,32,0,256,0.723,8,10,3,
P021-vaquita,vaquita,A,analyzable,1.73,14,12.78,1598,125,1,964,0.603,3,10,1,
P022-vaquita,vaquita,B,analyzable,1.62,12,7.17,781,109,1,267,0.342,5,10,2,
P022-taskflow,taskflow,A,analyzable,1.52,7,8.55,530,62,0,240,0.453,0,10,0,
P023-vaquita,vaquita,A,analyzable,1.56,9,9.74,1559,160,0,657,0.421,5,10,2,
P024-vaquita,vaquita,B,analyzable,1.45,13,5.61,1240,221,1,536,0.432,5,10,2,
P025-vaquita,vaquita,A,analyzable,1.44,15,7.01,1514,216,1,578,0.382,7,10,2,
P025-taskflow,taskflow,B,analyzable,1.27,4,7.32,1047,143,0,655,0.626,0,10,0,
P026-vaquita,vaquita,B,analyzable,1.37,8,6.44,1107,172,0,445,0.402,3,10,1,
P026-taskflow,taskflow,A,analyzable,1.24,9,5.6,1036,185,0,490,0.473,4,10,2,
P027-vaquita,vaquita,A,analyzable,1.46,11,7.33,1188,162,1,468,0.394,4,10,2,
P027-taskflow,taskflow,B,analyzable,1.37,7,6.19,638,103,0,222,0.348,5,10,2,
P028-vaquita,vaquita,B,analyzable,1.51,9,6.74,822,122,0,289,0.352,10,10,3,
P028-taskflow,taskflow,A,analyzable,1.24,7,6.58,513,78,0,245,0.478,8,10,3,
P029-vaquita,vaquita,A,analyzable,1,1,2.5,5,2,0,0,0,3,10,1,
P029-taskflow,taskflow,B,analyzable,1.5,3,6.87,316,46,0,102,0.323,8,10,3,
P030-vaquita,vaquita,B,analyzable,1.69,9,5.15,402,78,0,0,0,5,10,2,
P030-taskflow,taskflow,A,analyzable,1.29,7,6.62,523,79,0,442,0.845,8,10,3,
P031-vaquita,vaquita,A,analyzable,1.59,11,8.64,1002,116,1,396,0.395,4,10,2,
P031-taskflow,taskflow,A,analyzable,1.25,3,7.37,479,65,0,234,0.489,8,10,3,
P032-vaquita,vaquita,B,analyzable,1.43,12,10.64,1457,137,1,626,0.43,3,10,1,
P032-taskflow,taskflow,A,analyzable,1.43,9,6.52,887,136,0,736,0.83,8,10,3,
P033-vaquita,vaquita,A,analyzable,1.58,7,9.2,1325,144,0,562,0.424,9,10,3,
P033-taskflow,taskflow,B,analyzable,1.43,17,6.13,969,158,1,399,0.412,0,10,0,
P034-vaquita,vaquita,B,analyzable,1.61,8,8.29,1011,122,0,397,0.393,10,10,3,
P034-taskflow,taskflow,A,analyzable,1.24,7,7,616,88,0,393,0.638,8,10,3,
P035-taskflow,taskflow,B,analyzable,1.63,21,8.51,698,82,1,197,0.282,9,10,3,
P036-vaquita,vaquita,B,analyzable,1.7,12,9.96,787,79,1,0,0,3,10,1,
P036-taskflow,taskflow,A,analyzable,1.19,3,6.48,616,95,0,348,0.565,8,10,3,
P037-vaquita,vaquita,A,analyzable,1.35,6,11.53,1591,138,0,933,0.586,10,10,3,
P037-taskflow,taskflow,A,analyzable,2.64,9,13.2,594,45,0,0,0,8,10,3,
P040-vaquita,vaquita,B,analyzable,1.31,6,8.26,1693,205,0,1012,0.598,3,10,1,
P040-taskflow,taskflow,A,analyzable,1.59,7,8.85,345,39,0,231,0.67,8,10,3,
P041-vaquita,vaquita,A,analyzable,1.46,7,8.82,1349,153,0,794,0.589,0,10,0,
P042-vaquita,vaquita,B,analyzable,1.8,8,9.4,761,81,0,238,0.313,4,10,2,
P042-taskflow,taskflow,A,analyzable,1.46,7,6.65,346,52,0,161,0.465,8,10,3,
P043-vaquita,vaquita,A,analyzable,1.38,6,7.76,1133,146,0,458,0.404,9,10,3,
P044-vaquita,vaquita,B,analyzable,1.3,5,7.59,729,96,0,103,0.141,0,10,0,
P044-taskflow,taskflow,A,analyzable,1.81,7,8.79,545,62,0,131,0.24,8,10,3,
P045-vaquita,vaquita,A,analyzable,1.5,8,6.98,817,117,0,322,0.394,9,10,3,
P045-taskflow,taskflow,A,analyzable,1.45,9,5.95,434,73,0,43,0.099,8,10,3,
P047-vaquita,vaquita,A,analyzable,1.77,11,13.75,1801,131,1,719,0.399,5,10,2,
P048-vaquita,vaquita,B,analyzable,1.68,7,5.61,449,80,0,0,0,3,10,1,
P048-taskflow,taskflow,A,analyzable,1.2,5,6.2,955,154,0,652,0.683,7,10,2,
P049-vaquita,vaquita,A,analyzable,2.15,8,10.57,962,91,0,0,0,10,10,3,
P049-taskflow,taskflow,B,analyzable,1.36,7,6.82,382,56,0,175,0.458,8,10,3,
P050-vaquita,vaquita,B,analyzable,1.68,8,9.33,1232,132,0,434,0.352,0,10,0,
P050-taskflow,taskflow,A,analyzable,1.82,7,9.64,270,28,0,187,0.693,8,10,3,
P053-vaquita,vaquita,A,analyzable,0,0,0,0,0,0,0,0,0,10,0,
P054-vaquita,vaquita,B,analyzable,1.48,11,6.94,951,137,1,422,0.444,4,10,2,
P054-taskflow,taskflow,A,analyzable,1.15,7,6.73,956,142,0,833,0.871,7,10,2,
P055-vaquita,vaquita,A,analyzable,1.62,6,10.35,1345,130,0,427,0.317,5,10,2,
P057-vaquita,vaquita,A,analyzable,1.28,7,7.95,2354,296,0,1206,0.512,5,10,2,
P058-taskflow,taskflow,B,analyzable,0,0,0,0,0,0,0,0,0,10,0,
